,p_val,avg_log2FC,pct.1,pct.2,p_val_adj
Tenm3,0,2.379193495,0.632,0.484,0
Cdh13,0,1.701250298,0.438,0.473,0
Rgs20,0,1.573463496,0.418,0.369,0
Tenm4,0,1.564319876,0.554,0.453,0
Gfra1,1.94E-294,1.355488878,0.519,0.452,2.05E-291
Vat1l,0,1.258982472,0.429,0.493,0
Ghr,0,1.179003395,0.322,0.486,0
Runx1,0,1.155947322,0.397,0.372,0
Myo1e,4.70E-161,1.134912919,0.693,0.647,4.97E-158
Neto2,0,1.09480865,0.417,0.47,0
Grik3,4.14E-288,1.013009028,0.399,0.418,4.37E-285
Pde1c,4.01E-88,0.974847019,0.839,0.722,4.23E-85
Xylt1,0,0.954370324,0.334,0.428,0
Cnksr3,2.80E-135,0.901443835,0.667,0.611,2.96E-132
Hmga2,6.40E-180,0.826601048,0.448,0.432,6.76E-177
Zfhx3,1.43E-182,0.807790662,0.404,0.474,1.51E-179
Akap13,3.49E-87,0.793144681,0.644,0.644,3.69E-84
Cd109,0,0.774863679,0.552,0.455,0
Ltbp1,1.31E-245,0.752729227,0.498,0.338,1.39E-242
Astn2,4.10E-33,0.747401418,0.56,0.431,4.33E-30
Angpt1,0,0.723010487,0.353,0.596,0
Arhgap28,0,0.696643628,0.475,0.492,0
Sv2c,0,0.672185292,0.52,0.605,0
Cdh6,6.39E-114,0.67164258,0.424,0.557,6.75E-111
Alcam,1.45E-64,0.660045537,0.889,0.701,1.53E-61
Btbd11,1.71E-138,0.658488603,0.536,0.359,1.80E-135
Sh3rf3,8.97E-150,0.653294725,0.593,0.418,9.48E-147
Ptprm,9.53E-120,0.606969944,0.499,0.627,1.01E-116
Rorb,3.01E-232,0.573935959,0.281,0.43,3.18E-229
Ptprg,2.32E-46,0.570143257,0.512,0.465,2.45E-43
Satb2,0,0.557989978,0.292,0.554,0
Fign,2.89E-72,0.54547552,0.936,0.747,3.06E-69
Moxd1,3.31E-80,0.535397898,0.488,0.371,3.50E-77
Necab1,6.06E-71,0.529153467,0.582,0.502,6.40E-68
3-Mar,1.86E-114,0.503157021,0.364,0.47,1.96E-111
Acsl3,2.38E-77,0.495446841,0.588,0.694,2.51E-74
Sema6a,1.60E-56,0.492393758,0.918,0.746,1.69E-53
Bcl2,5.21E-122,0.491920495,0.34,0.455,5.50E-119
Arhgap18,2.13E-131,0.485687624,0.544,0.514,2.25E-128
Gm2164,2.37E-21,0.477025227,0.633,0.568,2.51E-18
Gm4876,1.92E-41,0.475589565,0.399,0.417,2.03E-38
Dpf3,2.17E-163,0.474955328,0.361,0.563,2.29E-160
Pitpnc1,1.72E-150,0.474482614,0.3,0.419,1.82E-147
Myof,1.24E-159,0.45774989,0.385,0.53,1.31E-156
Epb41l4a,2.08E-38,0.450325364,0.66,0.678,2.19E-35
Abtb2,1.45E-17,0.447277567,0.658,0.661,1.54E-14
Camk2d,1.38E-151,0.444908445,0.329,0.509,1.46E-148
Nrg1,9.09E-21,0.43724208,0.217,0.275,9.60E-18
Ntm,1.08E-110,0.428069167,0.356,0.542,1.14E-107
Gad2,4.96E-97,0.424054864,0.602,0.478,5.23E-94
Rdh5,7.27E-90,0.411566774,0.395,0.539,7.68E-87
Meis2,3.11E-14,0.388425294,0.553,0.586,3.28E-11
Rhoj,3.22E-21,0.387261746,0.862,0.778,3.40E-18
Pbx3,6.86E-11,0.361147707,0.652,0.584,7.25E-08
Khdrbs2,7.78E-108,0.351025451,0.802,0.519,8.21E-105
Thsd7a,7.19E-123,0.349487826,0.402,0.586,7.59E-120
Ubash3b,9.75E-06,0.3465663,0.724,0.68,0.010291186
Mpp7,3.67E-70,0.345232383,0.325,0.442,3.87E-67
Zfp462,1.11E-10,0.338327384,0.711,0.653,1.18E-07
Nhs,5.40E-114,0.333493067,0.386,0.5,5.71E-111
Pde10a,1.23E-16,0.326490655,0.445,0.446,1.30E-13
Eya4,3.87E-07,0.32494006,0.656,0.632,0.00040916
Unc5c,8.40E-18,0.321486703,1,0.971,8.87E-15
Creb5,1.16E-08,0.318985989,0.71,0.676,1.22E-05
Strip2,2.56E-53,0.317109176,0.625,0.562,2.70E-50
Ttr,1.51E-31,0.29997151,0.84,0.704,1.59E-28
Arhgap24,3.21E-05,0.294422342,0.71,0.676,0.033912123
Rasgef1b,3.52E-38,0.292795667,0.363,0.409,3.72E-35
Pde3a,6.10E-35,0.285454619,0.687,0.785,6.44E-32
Sema5a,3.08E-104,0.283967685,0.714,0.416,3.26E-101
Thrb,6.77E-63,0.281743929,0.778,0.555,7.15E-60
Grm8,9.08E-08,0.276741314,0.604,0.575,9.59E-05
Sema3c,2.01E-64,0.272656645,0.73,0.76,2.12E-61
Npsr1,7.99E-55,0.260312836,0.414,0.408,8.44E-52
Hunk,2.11E-49,0.254822843,0.367,0.489,2.22E-46
Ror1,2.14E-69,0.252304902,0.761,0.551,2.26E-66
Samd5,1.87E-100,0.251172905,0.454,0.637,1.97E-97
Pcdh15,2.73E-09,0.249737249,0.612,0.531,2.89E-06
Hs6st3,5.44E-40,0.246225033,0.767,0.606,5.75E-37
Nxn,7.20E-39,0.241938469,0.555,0.457,7.60E-36
Rnf152,1.06E-85,0.239807263,0.777,0.588,1.12E-82
A330015K06Rik,6.98E-32,0.233743541,1,0.948,7.38E-29
Prkcb,5.39E-140,0.230769598,0.957,0.68,5.70E-137
Chsy3,9.71E-21,0.230129033,0.755,0.631,1.03E-17
Spock1,5.66E-12,0.22926026,0.928,0.866,5.98E-09
Col4a5,6.63E-94,0.227771612,0.587,0.438,7.01E-91
Reln,2.14E-19,0.22681857,0.621,0.545,2.26E-16
Srgap1,5.02E-32,0.223456352,0.845,0.705,5.30E-29
Epha6,2.29E-09,0.223059229,0.61,0.601,2.41E-06
Ryr3,5.10E-17,0.2154213,0.661,0.572,5.39E-14
Ccdc141,6.05E-74,0.213148418,0.524,0.383,6.38E-71
Tox2,1.21E-68,0.212771407,0.571,0.418,1.28E-65
Utrn,3.35E-69,0.207734463,0.297,0.418,3.53E-66
Hs3st4,1.17E-74,0.204627514,0.781,0.547,1.23E-71
Epb41l2,1.32E-11,0.204258884,0.595,0.66,1.39E-08
Sulf2,3.66E-86,0.202041588,0.94,0.729,3.86E-83
Pid1,5.07E-45,0.193326805,0.434,0.549,5.35E-42
Matn2,2.30E-11,0.193160508,0.739,0.673,2.43E-08
Sh3rf1,3.56E-08,0.191906966,0.635,0.624,3.76E-05
9530059O14Rik,5.07E-10,0.190866835,0.633,0.696,5.35E-07
Pcdh7,3.90E-14,0.187894724,0.452,0.527,4.11E-11
Dpp10,2.59E-28,0.183996187,0.417,0.557,2.73E-25
Khdrbs3,2.08E-11,0.182553537,0.563,0.616,2.20E-08
Syt6,1.06E-99,0.182377309,0.593,0.328,1.12E-96
Fgd6,7.24E-07,0.17480195,0.562,0.514,0.000764853
Eda,2.84E-51,0.174374354,0.504,0.307,3.00E-48
Grid2,1.87E-31,0.17154327,0.928,0.858,1.97E-28
Svil,3.93E-10,0.167752967,0.585,0.508,4.15E-07
Sox5,3.08E-21,0.167479781,0.726,0.617,3.26E-18
Tgfbr1,1.57E-16,0.166246266,0.529,0.612,1.66E-13
Etv5,1.73E-146,0.164467582,0.254,0.523,1.83E-143
Zfp385b,3.79E-11,0.164060503,0.547,0.481,4.00E-08
Kcnk2,1.44E-24,0.163994066,0.625,0.518,1.53E-21
Sox6,2.32E-131,0.161252142,0.246,0.539,2.45E-128
Cux2,1.28E-169,0.160870545,0.972,0.671,1.35E-166
Galnt9,1.29E-86,0.159466507,0.663,0.402,1.36E-83
Cachd1,9.27E-55,0.152097121,0.79,0.585,9.79E-52
Fnbp1l,1.07E-19,0.149163493,0.555,0.446,1.13E-16
Ppfibp1,3.34E-16,0.148603257,0.396,0.438,3.53E-13
Serpine2,1.84E-26,0.148453006,0.622,0.493,1.94E-23
Serpini1,5.37E-17,0.146147012,0.617,0.703,5.67E-14
Plpp3,5.58E-19,0.145946451,0.366,0.449,5.90E-16
Tnc,1.16E-75,0.145736633,0.526,0.651,1.22E-72
St8sia4,2.16E-12,0.14373237,0.681,0.591,2.28E-09
Nhsl1,4.65E-14,0.13783455,0.593,0.502,4.91E-11
Fhod3,1.13E-20,0.137599944,0.521,0.53,1.19E-17
Tmem196,2.17E-121,0.135411649,0.909,0.626,2.29E-118
Col25a1,2.55E-16,0.134987448,0.713,0.66,2.70E-13
Mid1,3.58E-05,0.134030563,0.553,0.542,0.037813221
Asic2,6.87E-09,0.133822832,0.461,0.458,7.25E-06
Tcf7l1,3.30E-40,0.133822278,0.37,0.504,3.49E-37
Unc13c,3.48E-39,0.129817807,0.719,0.59,3.67E-36
Fbxl7,2.66E-11,0.129309816,0.512,0.562,2.81E-08
Neb,4.65E-31,0.128165863,0.499,0.375,4.91E-28
Ttn,2.83E-99,0.125888674,0.247,0.434,2.98E-96
C530008M17Rik,1.77E-33,0.125818004,0.756,0.598,1.87E-30
Clic4,6.48E-18,0.124413945,0.78,0.672,6.84E-15
A830018L16Rik,3.84E-07,0.123780578,0.668,0.618,0.000405416
Nhsl2,1.20E-14,0.12339632,0.662,0.61,1.26E-11
Kcnc1,5.06E-07,0.123353421,0.475,0.467,0.000534368
C1qc,2.61E-40,0.122832559,0.754,0.608,2.75E-37
Mgat4c,4.13E-48,0.121616288,0.77,0.575,4.36E-45
Pde7b,1.76E-160,0.120225166,0.716,0.349,1.85E-157
Itpr2,8.39E-13,0.119466011,0.617,0.517,8.86E-10
Sdk2,9.52E-102,0.118412981,0.856,0.588,1.01E-98
Itgbl1,5.46E-73,0.116185342,0.633,0.396,5.77E-70
Rnf182,2.16E-14,0.11510366,0.643,0.599,2.28E-11
Efna5,3.00E-33,0.113717929,0.551,0.394,3.17E-30
Gpr176,9.61E-174,0.113013817,0.243,0.551,1.01E-170
Syndig1,1.08E-170,0.112535449,0.907,0.571,1.14E-167
Gm48749,7.90E-11,0.110962249,0.453,0.405,8.34E-08
Vstm2a,2.81E-29,0.110327338,0.568,0.415,2.97E-26
Cables1,3.81E-51,0.108195931,0.276,0.417,4.02E-48
C1qa,1.02E-10,0.10815711,0.687,0.64,1.08E-07
Rhbdl3,3.26E-05,0.107396455,0.548,0.501,0.034408027
Nwd2,5.67E-33,0.106553621,0.269,0.373,5.99E-30
Gpc5,4.54E-17,0.105645607,0.773,0.674,4.80E-14
Rasgrp1,5.68E-54,0.104548747,0.708,0.496,6.00E-51
Pcsk5,1.23E-05,0.102365245,0.526,0.499,0.013030411
Grip1,1.24E-06,0.101120658,0.514,0.453,0.001309191
Ctss,7.46E-23,0.100440361,0.4,0.492,7.87E-20
Rad51b,9.02E-20,-0.105639097,0.583,0.472,9.52E-17
Shc4,6.02E-79,-0.107197478,0.188,0.429,6.36E-76
Cntn3,8.36E-13,-0.107874225,0.562,0.502,8.83E-10
Phka1,1.68E-08,-0.110076259,0.807,0.761,1.77E-05
Aldh1a1,1.54E-121,-0.112773191,0.961,0.725,1.63E-118
Atp10b,3.79E-36,-0.115470956,0.783,0.636,4.00E-33
Agbl4,1.38E-25,-0.118455678,0.372,0.52,1.46E-22
Cpq,1.12E-16,-0.118858154,0.603,0.491,1.19E-13
Alk,2.14E-23,-0.121317502,0.653,0.538,2.26E-20
Wnt5b,1.11E-137,-0.12322636,0.967,0.709,1.17E-134
Parm1,4.59E-51,-0.124786912,0.915,0.768,4.84E-48
Lrmda,2.32E-134,-0.125006756,0.964,0.717,2.45E-131
Trps1,2.76E-09,-0.126449946,0.802,0.748,2.91E-06
8030442B05Rik,1.59E-147,-0.131843004,0.921,0.622,1.68E-144
6530403H02Rik,1.19E-253,-0.132260561,0.137,0.591,1.25E-250
Lpar1,1.57E-99,-0.132596283,0.991,0.817,1.65E-96
Ptprt,7.56E-95,-0.136124448,0.221,0.497,7.98E-92
Col9a3,4.96E-35,-0.141187517,0.787,0.646,5.23E-32
Grik1,3.98E-25,-0.14875469,0.538,0.679,4.20E-22
Tox,2.29E-42,-0.163643257,0.289,0.475,2.42E-39
Enpp6,1.39E-46,-0.16678859,0.821,0.662,1.47E-43
Slc35f4,2.31E-15,-0.168911694,0.699,0.622,2.44E-12
Rnf220,2.06E-100,-0.171728447,0.998,0.922,2.18E-97
Nkx2-2os,1.00E-07,-0.183049129,0.58,0.647,0.000106124
4930419G24Rik,2.18E-19,-0.193539712,0.875,0.854,2.30E-16
Prox1,9.52E-06,-0.194457323,0.837,0.826,0.010056053
4930587E11Rik,6.23E-08,-0.200174054,0.598,0.598,6.58E-05
Gm13052,4.12E-111,-0.200479477,0.969,0.784,4.35E-108
Plcb4,7.46E-60,-0.201335687,0.787,0.602,7.88E-57
Lypd6,1.43E-73,-0.20355218,0.818,0.603,1.51E-70
Htra1,1.74E-23,-0.206415679,0.962,0.892,1.83E-20
Pde4d,1.30E-11,-0.211531231,0.669,0.605,1.37E-08
Cadps2,5.91E-44,-0.214854307,0.295,0.486,6.25E-41
Il33,1.91E-91,-0.222789505,1,0.873,2.02E-88
Arhgap15,3.10E-21,-0.226192368,0.437,0.565,3.27E-18
Unc5d,6.34E-44,-0.231093789,0.746,0.582,6.70E-41
Efr3b,2.35E-42,-0.235787621,0.477,0.664,2.48E-39
Ndrg2,9.23E-48,-0.236474615,0.345,0.547,9.74E-45
Lypd6b,2.25E-28,-0.236772662,0.69,0.587,2.37E-25
Shroom3,2.30E-54,-0.237495257,0.928,0.793,2.43E-51
Adamts6,3.56E-08,-0.241284583,0.643,0.664,3.76E-05
Sorcs1,1.27E-92,-0.255230921,0.993,0.888,1.34E-89
Fgf1,4.94E-117,-0.255939311,0.969,0.754,5.22E-114
Hhip,2.08E-118,-0.266099582,0.988,0.78,2.19E-115
Lama2,3.59E-53,-0.269759781,0.927,0.797,3.79E-50
Erbb4,3.17E-23,-0.270423395,0.825,0.912,3.35E-20
Tns3,1.02E-08,-0.287254089,0.735,0.766,1.08E-05
4930445B16Rik,4.25E-37,-0.289742196,0.703,0.566,4.48E-34
Adamtsl1,1.36E-73,-0.301587732,0.939,0.823,1.44E-70
Adamts2,6.19E-75,-0.308621848,0.92,0.74,6.53E-72
Clu,1.65E-206,-0.325014124,0.144,0.54,1.74E-203
Tmtc2,2.49E-22,-0.33036941,0.806,0.784,2.63E-19
Luzp2,7.33E-12,-0.331962646,0.521,0.589,7.74E-09
Plxdc2,6.21E-27,-0.340918907,0.853,0.932,6.56E-24
Sec14l5,1.15E-82,-0.351750783,0.997,0.922,1.22E-79
Prrg1,8.02E-81,-0.373097824,0.949,0.792,8.47E-78
Prkca,6.25E-53,-0.376895396,0.54,0.737,6.60E-50
Fgf12,1.59E-21,-0.385579392,0.407,0.531,1.68E-18
Chn2,8.74E-126,-0.387100507,0.996,0.811,9.23E-123
Ugt8a,4.31E-65,-0.391298371,1,0.924,4.55E-62
Apoe,6.70E-92,-0.403238255,0.976,0.855,7.08E-89
Ermn,3.53E-45,-0.408848031,0.804,0.735,3.72E-42
Dock5,7.19E-24,-0.473954152,0.771,0.786,7.60E-21
Pde4b,0,-0.486085229,0.992,0.999,0
Spock3,6.37E-122,-0.49336749,0.974,0.84,6.73E-119
Tmem132d,1.95E-169,-0.510711215,0.892,0.618,2.06E-166
Enpp2,1.27E-96,-0.5222062,0.999,0.962,1.34E-93
Mob3b,5.05E-73,-0.52277458,0.709,0.558,5.33E-70
Gria4,5.58E-129,-0.52759481,0.973,0.762,5.90E-126
Oxr1,8.15E-33,-0.529628846,0.848,0.887,8.61E-30
Glul,2.82E-165,-0.533676026,0.961,0.722,2.98E-162
Npas3,7.52E-31,-0.541834831,0.595,0.72,7.94E-28
Cobl,7.53E-128,-0.544052705,0.966,0.774,7.96E-125
Apod,1.39E-139,-0.567810659,0.996,0.872,1.47E-136
Mobp,1.63E-58,-0.569161104,0.999,0.972,1.72E-55
Slc6a1,1.39E-59,-0.58037819,0.915,0.811,1.47E-56
Agmo,5.34E-94,-0.58379522,0.872,0.683,5.64E-91
Adgrv1,3.20E-158,-0.605673463,0.991,0.751,3.38E-155
Slc8a1,1.14E-108,-0.620675708,0.996,0.962,1.20E-105
Gjc3,5.91E-53,-0.622414498,0.8,0.86,6.24E-50
Cdh10,3.17E-90,-0.627510871,0.817,0.73,3.34E-87
Rcan2,3.65E-83,-0.641761621,0.948,0.848,3.85E-80
Tspan2,6.04E-88,-0.646687196,0.998,0.9,6.38E-85
Thsd4,1.14E-58,-0.65855205,0.429,0.63,1.21E-55
Lrrtm3,2.76E-132,-0.661958635,0.981,0.832,2.91E-129
Bcas1,4.98E-116,-0.665184106,0.91,0.812,5.26E-113
Cdh19,2.98E-75,-0.675444612,0.985,0.89,3.15E-72
Lrrc4c,1.07E-108,-0.677829061,0.98,0.922,1.13E-105
Bcas1os2,1.54E-141,-0.680664054,0.843,0.622,1.63E-138
Gm38505,3.65E-137,-0.70060422,0.886,0.645,3.85E-134
mt-Nd1,8.82E-30,-0.701055347,0.369,0.495,9.31E-27
Ptgds,7.61E-28,-0.727174927,1,0.956,8.04E-25
Plekhg1,2.04E-126,-0.753334801,0.995,0.879,2.15E-123
Elmo1,5.82E-97,-0.811069032,0.835,0.952,6.15E-94
A330049N07Rik,4.81E-106,-0.818211867,0.867,0.754,5.08E-103
Abca8a,2.15E-102,-0.831350112,1,0.865,2.27E-99
Robo1,2.29E-93,-0.854731518,0.95,0.821,2.42E-90
Ptn,4.79E-114,-0.922967224,0.928,0.829,5.06E-111
mt-Nd2,1.22E-56,-0.949578825,0.26,0.463,1.29E-53
mt-Co1,4.17E-37,-0.953411559,0.504,0.578,4.40E-34
St18,0,-0.970340854,0.999,0.991,0
7630403G23Rik,3.03E-150,-0.970800594,0.999,0.784,3.20E-147
Aspa,3.14E-114,-0.992190071,0.999,0.951,3.32E-111
Daam2,4.55E-96,-1.003715898,0.996,0.951,4.80E-93
Ctnna3,2.97E-165,-1.027281824,0.999,0.949,3.14E-162
Mbp,0,-1.032149139,1,0.998,0
mt-Nd4,1.18E-46,-1.045240356,0.429,0.599,1.25E-43
9330111N05Rik,4.23E-123,-1.045996562,0.996,0.828,4.47E-120
Plp1,0,-1.102373458,0.998,0.997,0
A230001M10Rik,1.60E-150,-1.203169257,0.995,0.864,1.69E-147
mt-Atp6,4.89E-48,-1.230062645,0.543,0.606,5.16E-45
mt-Co2,1.85E-47,-1.236342959,0.447,0.588,1.95E-44
Prr5l,4.37E-305,-1.301186989,0.995,0.973,4.61E-302
mt-Cytb,7.12E-45,-1.37373685,0.441,0.561,7.51E-42
Mag,9.53E-284,-1.441886112,0.996,0.863,1.01E-280
Mog,2.87E-171,-1.500683767,0.999,0.933,3.04E-168
mt-Co3,1.19E-64,-1.597426446,0.495,0.666,1.26E-61